{
  "pattern_id": "pattern_0005",
  "source_cell": "stem_0039",
  "pattern_signature": [
    1.0,
    0.29473684210526313,
    0.30526315789473685,
    1.0,
    0.10526315789473684,
    1.0,
    0.13421052631578947,
    0.15263157894736842,
    0.20526315789473684,
    0.13157894736842105,
    0.22105263157894736,
    1.0,
    0.9263157894736842,
    0.4631578947368421,
    0.11052631578947368,
    0.8894736842105263,
    0.11052631578947368,
    0.5,
    0.5,
    0.5,
    0.07368421052631578,
    0.010526315789473684,
    0.08421052631578947,
    0.04736842105263158,
    0.06315789473684211,
    0.08421052631578947,
    0.042105263157894736,
    0.13157894736842105,
    0.9859649122807016,
    0.028631578947368428,
    0.6842105263157899,
    0.0,
    0.09824561403508775,
    0.25642105263157894,
    0.6300751879699249,
    0.15789473684210525,
    0.33157894736842103,
    0.29473684210526313,
    0.2688259109311742,
    0.30526315789473685,
    0.7063909774436089,
    1.0,
    0.03586744639376219,
    0.05263157894736842,
    0.1769736842105263,
    0.15263157894736842,
    0.09392712550607289,
    0.20526315789473684,
    0.09022556390977443,
    0.13157894736842105,
    0.061988304093567245,
    0.11052631578947368,
    0.5394736842105263,
    0.5921052631578947,
    0.002631578947368421,
    0.09736842105263158,
    0.32258064516128976,
    0.4668930390492361,
    0.24473684210526317,
    0.10789473684210527,
    0.05263157894736842,
    0.05263157894736842,
    0.18947368421052632,
    0.031578947368421054,
    0.008421052631578947,
    0.06842105263157892,
    0.06947368421052634,
    0.03157894736842106,
    1.6,
    0.0,
    0.0,
    0.0,
    0.0,
    0.0,
    0.0,
    0.0,
    0.0,
    0.0,
    0.0,
    0.0,
    0.0,
    0.0,
    0.0,
    0.0,
    0.0,
    0.0,
    0.0,
    0.0,
    0.0,
    0.0,
    0.0,
    0.0,
    0.0,
    0.0,
    0.0,
    0.0,
    0.0,
    0.0,
    0.0,
    0.0,
    0.0,
    0.0,
    0.0,
    0.0,
    0.0,
    0.0,
    0.0,
    0.0,
    0.0,
    0.0,
    0.0,
    0.0,
    0.0,
    0.0,
    0.0,
    0.0,
    0.0,
    0.0,
    0.0,
    0.0,
    0.0,
    0.0,
    0.0,
    0.0,
    0.0,
    0.0,
    0.0,
    0.0
  ],
  "threshold": 0.6,
  "consistency": 0.6148894928709654,
  "sample_count": 104,
  "avg_reward": -1.673269230769231,
  "sample_fens": [
    "8/8/3P4/6P1/1P2K3/8/P1k3PP/8 b - - 14 92",
    "8/8/3P4/3K2P1/1P6/8/P2k2PP/8 b - - 16 93",
    "8/8/3P4/4K1P1/1P6/8/P3k1PP/8 b - - 18 94",
    "8/8/3P4/3K2P1/1P6/4k3/P5PP/8 b - - 20 95",
    "8/8/3P4/6P1/1P1K4/8/P2k2PP/8 b - - 22 96",
    "8/8/3P4/3K2P1/1P6/8/P5PP/4k3 b - - 24 97",
    "8/8/3P4/4K1P1/1P6/8/P5PP/5k2 b - - 26 98",
    "8/8/3P4/6P1/1P1K4/8/P5kP/8 b - - 1 99",
    "8/8/3P4/6P1/1P2K3/8/P6P/5k2 b - - 3 100",
    "rnbqkbnr/pppppppp/8/8/8/2N5/PPPPPPPP/R1BQKBNR b KQkq - 1 1"
  ],
  "promoted_at": "2025-12-05T14:55:31.378766",
  "detector_node_id": "Detector_pattern_0005",
  "action_node_id": "Action_pattern_0005"
}