{
  "pattern_id": "pattern_0008",
  "source_cell": "stem_0085",
  "pattern_signature": [
    0.8736979166666666,
    0.046875,
    0.6458333333333334,
    0.703125,
    0.08333333333333333,
    1.0,
    0.19270833333333334,
    0.09375,
    0.19270833333333334,
    0.2864583333333333,
    0.17708333333333334,
    1.0,
    0.9114583333333334,
    0.08854166666666667,
    0.5,
    0.08333333333333333,
    0.4114583333333333,
    0.5,
    0.10416666666666667,
    0.8958333333333334,
    0.09375,
    0.08333333333333333,
    0.015625,
    0.078125,
    0.07291666666666667,
    0.06770833333333333,
    0.22916666666666666,
    0.13020833333333334,
    0.7222222222222215,
    0.013750000000000004,
    0.6428571428571433,
    0.0,
    0.0659722222222222,
    0.29583333333333334,
    0.49404761904761957,
    0.15625000000000006,
    0.039713541666666664,
    0.046875,
    0.6895032051282047,
    0.6458333333333334,
    0.6826636904761904,
    0.703125,
    0.022376543209876542,
    0.041666666666666664,
    0.07291666666666667,
    0.09375,
    0.06690705128205128,
    0.19270833333333334,
    0.1454613095238095,
    0.2864583333333333,
    0.08371913580246913,
    0.08854166666666667,
    0.2421875,
    0.65625,
    0.0234375,
    0.15364583333333334,
    0.2921706989247311,
    0.5241935483870969,
    0.2734375,
    0.026041666666666668,
    0.125,
    0.125,
    0.10416666666666667,
    0.10416666666666667,
    0.016666666666666666,
    0.059374999999999976,
    0.0729166666666667,
    0.024999999999999998,
    1.1927083333333333,
    0.0,
    0.0,
    0.0,
    0.0,
    0.0,
    0.0,
    0.0,
    0.0,
    0.0,
    0.0,
    0.0,
    0.0,
    0.0,
    0.0,
    0.0,
    0.0,
    0.0,
    0.0,
    0.0,
    0.0,
    0.0,
    0.0,
    0.0,
    0.0,
    0.0,
    0.0,
    0.0,
    0.0,
    0.0,
    0.0,
    0.0,
    0.0,
    0.0,
    0.0,
    0.0,
    0.0,
    0.0,
    0.0,
    0.0,
    0.0,
    0.0,
    0.0,
    0.0,
    0.0,
    0.0,
    0.0,
    0.0,
    0.0,
    0.0,
    0.0,
    0.0,
    0.0,
    0.0,
    0.0,
    0.0,
    0.0,
    0.0,
    0.0,
    0.0
  ],
  "threshold": 0.6,
  "consistency": 0.6294533301317373,
  "sample_count": 100,
  "avg_reward": -1.508,
  "sample_fens": [
    "r1bqkbnr/pppppppp/2n5/8/8/N6N/PPPPPPPP/R1BQKB1R b KQkq - 3 2",
    "rnbqkbnr/pppppppp/8/8/4P3/N6N/PPPP1PPP/R1BQKB1R b KQkq - 0 3",
    "rnbqkb1r/p1pppppp/1p3n2/8/2B1P3/N4Q1N/PPPP1PPP/R1B1K2R b KQkq - 1 5",
    "rnbqkb1r/p1pppQpp/1p6/8/2B1n3/N6N/PPPP1PPP/R1B1K2R b KQkq - 0 6",
    "rnbqkbnr/pppppppp/8/8/8/2N5/PPPPPPPP/R1BQKBNR b KQkq - 1 1",
    "rnbqkb1r/pppppppp/5n2/8/8/2N4N/PPPPPPPP/R1BQKB1R b KQkq - 3 2",
    "rnbqkb1r/pppp1ppp/4pn2/3N4/8/7N/PPPPPPPP/R1BQKB1R b KQkq - 1 3",
    "rnbqkb1r/ppNp1ppp/4p3/7n/8/7N/PPPPPPPP/R1BQKB1R b KQkq - 0 4",
    "rnb1kb1r/ppqp1ppp/4p3/7n/5N2/8/PPPPPPPP/R1BQKB1R b KQkq - 1 5",
    "rnb1kb1r/ppqp1ppp/4p3/8/2P2n2/8/PP1PPPPP/R1BQKB1R b KQkq - 0 6"
  ],
  "promoted_at": "2025-12-05T14:55:31.379305",
  "detector_node_id": "Detector_pattern_0008",
  "action_node_id": "Action_pattern_0008"
}