{
  "pattern_id": "pattern_0004",
  "source_cell": "stem_0032",
  "pattern_signature": [
    0.8074712643678161,
    0.13793103448275862,
    0.1896551724137931,
    0.6091954022988506,
    0.1724137931034483,
    1.0,
    0.15804597701149425,
    0.14942528735632185,
    0.15517241379310345,
    0.16666666666666666,
    0.06896551724137931,
    1.0,
    0.5,
    0.5,
    0.13218390804597702,
    0.4885057471264368,
    0.1206896551724138,
    0.1781609195402299,
    0.8103448275862069,
    0.5,
    0.13218390804597702,
    0.05172413793103448,
    0.08620689655172414,
    0.08620689655172414,
    0.06321839080459771,
    0.005747126436781609,
    0.1781609195402299,
    0.028735632183908046,
    0.666666666666666,
    0.03908045977011496,
    0.5862068965517251,
    0.08866995073891625,
    0.057471264367816084,
    0.2708045977011494,
    0.39244663382594414,
    0.4351395730706076,
    0.09123563218390805,
    0.13793103448275862,
    0.21131741821396996,
    0.1896551724137931,
    0.5402298850574712,
    0.6091954022988506,
    0.07407407407407408,
    0.08620689655172414,
    0.1257183908045977,
    0.14942528735632185,
    0.09283819628647212,
    0.15517241379310345,
    0.10509031198686372,
    0.16666666666666666,
    0.022137079608343976,
    0.034482758620689655,
    0.20114942528735633,
    0.5545977011494253,
    0.014367816091954023,
    0.23275862068965517,
    0.22135706340378233,
    0.6444197256210603,
    0.14080459770114942,
    0.05172413793103448,
    0.04597701149425287,
    0.04597701149425287,
    0.022988505747126436,
    0.022988505747126436,
    0.0,
    0.051724137931034475,
    0.08965517241379316,
    0.029885057471264374,
    1.0775862068965518,
    0.0,
    0.0,
    0.0,
    0.0,
    0.0,
    0.0,
    0.0,
    0.0,
    0.0,
    0.0,
    0.0,
    0.0,
    0.0,
    0.0,
    0.0,
    0.0,
    0.0,
    0.0,
    0.0,
    0.0,
    0.0,
    0.0,
    0.0,
    0.0,
    0.0,
    0.0,
    0.0,
    0.0,
    0.0,
    0.0,
    0.0,
    0.0,
    0.0,
    0.0,
    0.0,
    0.0,
    0.0,
    0.0,
    0.0,
    0.0,
    0.0,
    0.0,
    0.0,
    0.0,
    0.0,
    0.0,
    0.0,
    0.0,
    0.0,
    0.0,
    0.0,
    0.0,
    0.0,
    0.0,
    0.0,
    0.0,
    0.0,
    0.0,
    0.0
  ],
  "threshold": 0.6,
  "consistency": 0.6006772919567118,
  "sample_count": 102,
  "avg_reward": -1.4811764705882353,
  "sample_fens": [
    "8/8/2k1R1P1/8/3P4/1P3P2/1P3P1P/6K1 b - - 6 86",
    "4R3/8/6P1/1k6/3P4/1P3P2/1P3P1P/6K1 b - - 8 87",
    "8/8/2k1R1P1/8/3P4/1P3P2/1P3P1P/6K1 b - - 10 88",
    "8/1k6/6P1/4R3/3P4/1P3P2/1P3P1P/6K1 b - - 12 89",
    "1k6/8/6P1/1R6/3P4/1P3P2/1P3P1P/6K1 b - - 14 90",
    "8/k7/6P1/R7/3P4/1P3P2/1P3P1P/6K1 b - - 16 91",
    "1k6/8/6P1/3R4/3P4/1P3P2/1P3P1P/6K1 b - - 18 92",
    "k7/8/6P1/4R3/3P4/1P3P2/1P3P1P/6K1 b - - 20 93",
    "8/k3R3/6P1/8/3P4/1P3P2/1P3P1P/6K1 b - - 22 94",
    "8/8/k5P1/8/3PR3/1P3P2/1P3P1P/6K1 b - - 24 95"
  ],
  "promoted_at": "2025-12-05T14:55:31.378473",
  "detector_node_id": "Detector_pattern_0004",
  "action_node_id": "Action_pattern_0004"
}