{
  "pattern_id": "pattern_0001",
  "source_cell": "stem_0022",
  "pattern_signature": [
    0.8337765957446809,
    0.526595744680851,
    0.8882978723404256,
    1.0,
    0.0851063829787234,
    1.0,
    0.11037234042553191,
    0.19148936170212766,
    0.13297872340425532,
    0.15425531914893617,
    0.2127659574468085,
    1.0,
    0.5,
    0.526595744680851,
    0.13297872340425532,
    0.9042553191489362,
    0.05851063829787234,
    0.5,
    0.0851063829787234,
    0.6276595744680851,
    0.0797872340425532,
    0.06382978723404255,
    0.06914893617021277,
    0.14361702127659576,
    0.026595744680851064,
    0.015957446808510637,
    0.010638297872340425,
    0.031914893617021274,
    0.6843971631205664,
    0.02680851063829788,
    0.14285714285714274,
    0.0,
    0.10283687943262411,
    0.25404255319148933,
    0.5379939209726449,
    0.20212765957446796,
    0.9860372340425532,
    0.526595744680851,
    0.3600654664484451,
    0.8882978723404256,
    0.45136778115501486,
    1.0,
    0.02639873916469661,
    0.0425531914893617,
    0.1110372340425532,
    0.19148936170212766,
    0.03559738134206219,
    0.13297872340425532,
    0.04673252279635258,
    0.15425531914893617,
    0.11308116627265563,
    0.10638297872340426,
    0.21010638297872342,
    0.648936170212766,
    0.005319148936170213,
    0.13297872340425532,
    0.3977350720658879,
    0.32120796156485926,
    0.43351063829787234,
    0.013297872340425532,
    0.2978723404255319,
    1.0,
    0.06382978723404255,
    0.06382978723404255,
    0.07659574468085106,
    0.06702127659574464,
    0.06170212765957449,
    0.021276595744680847,
    1.3829787234042554,
    0.0,
    0.0,
    0.0,
    0.0,
    0.0,
    0.0,
    0.0,
    0.0,
    0.0,
    0.0,
    0.0,
    0.0,
    0.0,
    0.0,
    0.0,
    0.0,
    0.0,
    0.0,
    0.0,
    0.0,
    0.0,
    0.0,
    0.0,
    0.0,
    0.0,
    0.0,
    0.0,
    0.0,
    0.0,
    0.0,
    0.0,
    0.0,
    0.0,
    0.0,
    0.0,
    0.0,
    0.0,
    0.0,
    0.0,
    0.0,
    0.0,
    0.0,
    0.0,
    0.0,
    0.0,
    0.0,
    0.0,
    0.0,
    0.0,
    0.0,
    0.0,
    0.0,
    0.0,
    0.0,
    0.0,
    0.0,
    0.0,
    0.0,
    0.0
  ],
  "threshold": 0.6,
  "consistency": 0.6365048138604568,
  "sample_count": 123,
  "avg_reward": -1.2191869918699187,
  "sample_fens": [
    "6k1/8/4NP2/8/1K6/2P5/P1P4P/8 b - - 8 69",
    "8/5k2/5P2/8/1K1N4/2P5/P1P4P/8 b - - 10 70",
    "8/8/4Nk2/8/1K6/2P5/P1P4P/8 b - - 1 71",
    "8/8/8/4k1N1/1K6/2P5/P1P4P/8 b - - 3 72",
    "8/8/5k2/8/1K6/2P2N2/P1P4P/8 b - - 5 73",
    "8/5k2/8/6N1/1K6/2P5/P1P4P/8 b - - 7 74",
    "6k1/8/4N3/8/1K6/2P5/P1P4P/8 b - - 9 75",
    "8/7k/8/6N1/1K6/2P5/P1P4P/8 b - - 11 76",
    "6k1/8/8/8/1K2N3/2P5/P1P4P/8 b - - 13 77",
    "7k/8/8/2N5/1K6/2P5/P1P4P/8 b - - 15 78"
  ],
  "promoted_at": "2025-12-05T14:55:31.377651",
  "detector_node_id": "Detector_pattern_0001",
  "action_node_id": "Action_pattern_0001"
}