{
  "model": "PPO (MlpPolicy)",
  "stage": 7,
  "timesteps": 50000,
  "training_time_seconds": 42.143999099731445,
  "mean_reward": -0.47400000005960463,
  "std_reward": 0.6753695284563382,
  "estimated_win_rate": 0.2629999999701977,
  "eval_episodes": 100
}